area,orders,sales,aov
Orai,44,99590.96,2263.430909090909
Deoghar,40,95386.05,2384.65125
Nandyal,36,83281.1,2313.363888888889
Gandhinagar,37,82273.95,2223.6202702702703
Bhopal,31,78854.32,2543.687741935484
Ghaziabad,32,72599.85,2268.7453125
Ahmednagar,30,72233.14,2407.771333333333
Jabalpur,30,70135.67,2337.855666666667
Jalna,30,69086.31,2302.877
Ratlam,35,67426.31,1926.466
Udaipur,31,67184.59,2167.2448387096774
Aurangabad,26,66887.78,2572.606923076923
Tezpur,30,65430.4,2181.0133333333333
Darbhanga,27,63746.12,2360.9674074074073
Bathinda,34,63497.76,1867.5811764705884
Kishanganj,29,62790.22,2165.18
Loni,24,62668.97,2611.2070833333332
Ludhiana,27,62560.38,2317.051111111111
Imphal,23,62160.09,2702.612608695652
Kottayam,24,61083.42,2545.1425
Baranagar,23,60920.03,2648.696956521739
Bulandshahr,27,60410.34,2237.42
Silchar,24,59957.47,2498.2279166666667
Chittoor,27,59732.73,2212.3233333333333
Erode,21,59081.37,2813.3985714285714
Burhanpur,28,58931.38,2104.6921428571427
Panihati,26,58585.26,2253.2792307692307
Jorhat,26,58363.64,2244.7553846153846
Pallavaram,24,58247.08,2426.9616666666666
Nagpur,23,56732.31,2466.6221739130433
Udupi,24,56626.23,2359.42625
Jammu,23,56550.46,2458.715652173913
Howrah,21,56549.72,2692.84380952381
Agra,27,56311.02,2085.5933333333332
Etawah,25,56199.75,2247.99
Bangalore,24,56000.520000000004,2333.355
Machilipatnam,27,55592.88,2058.9955555555553
Bellary,24,54258.81,2260.78375
Ulhasnagar,22,54062.9,2457.4045454545453
Vellore,22,54062.06,2457.3663636363635
Jamalpur,21,53827.21,2563.2004761904764
Dindigul,22,52934.36,2406.1072727272726
Firozabad,19,52523.22,2764.38
North Dumdum,24,52369.09,2182.0454166666664
Noida,24,51687.67,2153.6529166666664
Singrauli,21,51144.27,2435.4414285714283
Thiruvananthapuram,23,50596.29,2199.838695652174
Mysore,22,50384.06,2290.1845454545455
Saharsa,19,50264.04,2645.4757894736845
Pali,27,50251.64,1861.171851851852
Sambalpur,27,50183.6,1858.6518518518517
Kadapa,28,50179.270000000004,1792.116785714286
Unnao,22,50126.8,2278.490909090909
Nizamabad,26,49822.36,1916.2446153846154
Fatehpur,21,49369.15,2350.9119047619047
Amritsar,24,49366.22,2056.9258333333332
Faridabad,20,49182.52,2459.1259999999997
Agartala,18,49173.96,2731.8866666666668
Avadi,20,48180.79,2409.0395
Raiganj,25,48077.56,1923.1024
Allahabad,24,48023.05,2000.9604166666668
Gandhidham,21,47901.04,2281.001904761905
Pimpri-Chinchwad,22,47782.67,2171.939545454545
Thoothukudi,20,47384.93,2369.2465
Nanded,20,47279.68,2363.984
Kavali,20,47144.89,2357.2445
Madurai,16,46795.28,2924.705
Rajkot,24,46503.32,1937.6383333333333
Karawal Nagar,17,46313.97,2724.351176470588
Hindupur,23,45827.22,1992.4878260869566
Durg,14,45537.630000000005,3252.6878571428574
Sambhal,19,45300.48,2384.2357894736842
Ballia,18,45202.18,2511.2322222222224
Shivpuri,24,45159.950000000004,1881.6645833333334
Shahjahanpur,21,45039.31,2144.7290476190474
Gorakhpur,16,44925.82,2807.86375
Yamunanagar,22,44876.74,2039.851818181818
Satara,19,44730.56,2354.24
Ichalkaranji,24,44726.69,1863.6120833333334
Nangloi Jat,20,44567.92,2228.3959999999997
Rampur,22,44558.26,2025.3754545454547
Satna,17,44508.51,2618.1476470588236
Berhampur,21,44493.18,2118.7228571428573
Guna,20,44335.57,2216.7785
Mahbubnagar,17,44334.3,2607.9
Bhilwara,18,43682.15,2426.786111111111
Bhimavaram,21,43557.71,2074.1766666666667
Anantapur,20,43347.36,2167.368
Bijapur,23,43342.91,1884.474347826087
Gulbarga,16,43145.02,2696.56375
Dhule,19,43130.9,2270.047368421053
Adoni,18,42975.07,2387.503888888889
Bongaigaon,22,42909.13,1950.415
Kakinada,16,42850.39,2678.149375
Karaikudi,22,42811.45,1945.975
Ambala,20,42054.68,2102.734
Jamnagar,20,41776.8,2088.84
Rewa,18,41570.04,2309.4466666666667
Eluru,18,41401.67,2300.092777777778
Gwalior,19,41334.99,2175.525789473684
Maheshtala,22,41288.35,1876.7431818181817
Kota,18,41242.25,2291.2361111111113
Proddatur,20,41122.36,2056.118
Visakhapatnam,21,41043.92,1954.472380952381
Bareilly,16,41015.2,2563.45
Tadipatri,16,40976.28,2561.0175
Sonipat,22,40555.95,1843.4522727272727
Bidhannagar,19,40413.33,2127.0173684210527
Chennai,18,40411.64,2245.091111111111
Rajahmundry,18,40402.25,2244.5694444444443
Mumbai,16,40362.93,2522.683125
Patiala,19,40308.5,2121.5
Medininagar,17,40143.020000000004,2361.354117647059
Tadepalligudem,19,40109.1,2111.0052631578947
Aligarh,18,39681.26,2204.5144444444445
Tenali,21,39585.58,1885.027619047619
Asansol,17,39395.44,2317.378823529412
Navi Mumbai,14,39338.46,2809.89
Latur,21,39244.57,1868.7890476190476
Nellore,17,38966.25,2292.1323529411766
Tinsukia,18,38909.81,2161.656111111111
Pondicherry,17,38850.69,2285.334705882353
Guntakal,20,37916.020000000004,1895.8010000000002
Bhagalpur,21,37461.24,1783.8685714285714
Dehri,16,37430.7,2339.41875
Purnia,19,37420.39,1969.4942105263158
Arrah,22,37347.38,1697.6081818181817
Jodhpur,17,36952.17,2173.6570588235295
Danapur,17,36874.78,2169.104705882353
Kamarhati,16,36623.14,2288.94625
Korba,19,36481.68,1920.0884210526317
Buxar,15,36141.1,2409.4066666666668
Ongole,17,36093.67,2123.1570588235295
Guwahati,15,36092.47,2406.1646666666666
Panchkula,16,36080.479999999996,2255.0299999999997
Bilaspur,15,35985.74,2399.0493333333334
Anantapuram,15,35952.340000000004,2396.822666666667
Shimoga,15,35835.42,2389.028
Khammam,21,35711.5,1700.547619047619
Thanjavur,16,35671.85,2229.490625
Sultan Pur Majra,14,35117.04,2508.36
Berhampore,15,35103.53,2340.235333333333
Alappuzha,15,34901.75,2326.7833333333333
Junagadh,14,34771.46,2483.675714285714
Vadodara,14,34714.13,2479.5807142857143
Tirunelveli,14,34310.66,2450.761428571429
Bardhaman,17,34153.34,2009.0199999999998
Muzaffarnagar,15,34144.25,2276.2833333333333
Kozhikode,14,34124.45,2437.460714285714
Miryalaguda,18,34037.31,1890.9616666666666
Bettiah,15,33845.89,2256.3926666666666
Raebareli,19,33820.39,1780.0205263157895
Gaya,14,33697.1,2406.9357142857143
Ambattur,18,33686.43,1871.4683333333332
Bihar Sharif,14,33391.97,2385.1407142857142
Jaunpur,18,33050.01,1836.1116666666667
Kharagpur,11,32831.94,2984.7218181818184
Thane,17,32789.8,1928.8117647058825
Bhubaneswar,16,32757.86,2047.36625
Gangtok,15,32629.98,2175.332
Salem,20,32555.41,1627.7705
Bhusawal,15,32290.25,2152.6833333333334
Haldia,16,31907.11,1994.194375
Madhyamgram,17,31871.47,1874.7923529411764
Kumbakonam,18,31866.329999999998,1770.3516666666665
Parbhani,13,31841.43,2449.340769230769
Tiruppur,13,31750.17,2442.320769230769
Mango,16,31700.52,1981.2825
Amaravati,14,31517.920000000002,2251.28
Begusarai,19,31483.57,1657.03
Naihati,14,31392.85,2242.3464285714285
Dehradun,16,31388.04,1961.7525
Dhanbad,16,31177.78,1948.61125
Ranchi,18,31086.64,1727.0355555555554
Davanagere,12,30961.239999999998,2580.103333333333
Karimnagar,16,30938.34,1933.64625
Guntur,15,30873.15,2058.21
Hazaribagh,13,30843.09,2372.5453846153846
Kalyan-Dombivli,18,30831.78,1712.8766666666666
Jehanabad,16,30485.36,1905.335
Raurkela Industrial Township,11,30173.379999999997,2743.0345454545454
Secunderabad,14,30051.079999999998,2146.505714285714
Katihar,17,29902.5,1758.9705882352941
Morbi,10,29882.91,2988.291
Saharanpur,15,29423.26,1961.5506666666665
Kanpur,17,29272.23,1721.895882352941
Vijayawada,12,29257.43,2438.119166666667
Malegaon,11,29112.96,2646.632727272727
Anand,12,29044.32,2420.36
Ahmedabad,12,29041.8,2420.15
Dibrugarh,15,28871.11,1924.7406666666668
Jalgaon,15,28807.95,1920.53
Nagercoil,13,28642.79,2203.2915384615385
Pudukkottai,16,28556.11,1784.756875
Madanapalle,9,28305.420000000002,3145.046666666667
Durgapur,17,28129.98,1654.704705882353
Mira-Bhayandar,15,28095.69,1873.0459999999998
Sagar,12,28075.34,2339.6116666666667
Chinsurah,14,27860.44,1990.0314285714285
Bidar,12,27775.42,2314.6183333333333
Thrissur,13,27662.74,2127.903076923077
Jhansi,13,27656.71,2127.4392307692306
Narasaraopet,17,27627.510000000002,1625.1476470588236
Giridih,11,27545.34,2504.121818181818
Sasaram,15,27226.33,1815.0886666666668
Nagaon,13,27187.48,2091.3446153846153
Siliguri,13,27168.94,2089.9184615384615
Coimbatore,14,27102.95,1935.925
New Delhi,10,27078.38,2707.838
Gudivada,13,27063.920000000002,2081.84
Chapra,14,26919.88,1922.8485714285714
Haridwar,14,26882.98,1920.212857142857
Rohtak,15,26670.66,1778.044
Rajpur Sonarpur,10,26647.86,2664.786
Delhi,14,26271.21,1876.5149999999999
Bhavnagar,9,25745.559999999998,2860.6177777777775
Aizawl,13,25545.73,1965.0561538461538
Alwar,10,25413.29,2541.329
Ozhukarai,9,25317.34,2813.0377777777776
Surendranagar Dudhrej,9,24949.47,2772.1633333333334
Indore,9,24908.54,2767.6155555555556
Kochi,8,24893.94,3111.7425
Siwan,8,24855.34,3106.9175
Meerut,11,24795.1,2254.1
Hapur,11,24723.22,2247.5654545454545
Sirsa,15,24471.760000000002,1631.4506666666668
Warangal,12,24467.88,2038.99
South Dumdum,10,24426.36,2442.636
Bally,17,24296.62,1429.2129411764706
Dewas,12,24226.2,2018.8500000000001
Nashik,9,24157.989999999998,2684.221111111111
Mathura,12,24151.57,2012.6308333333334
Khandwa,10,24078.58,2407.858
Tumkur,11,23942.43,2176.5845454545456
Sikar,13,23941.25,1841.6346153846155
Ajmer,13,23690.97,1822.3823076923077
Panvel,15,23560.18,1570.6786666666667
Bhiwandi,9,23362.69,2595.854444444444
Pune,11,23293.21,2117.564545454545
Jamshedpur,11,22794.13,2072.1936363636364
Farrukhabad,13,22561.129999999997,1735.4715384615383
Bahraich,8,22471.41,2808.92625
Ramagundam,11,22301.99,2027.4536363636364
Belgaum,11,22193.98,2017.6345454545453
Mehsana,10,21603.49,2160.349
Kulti,10,21519.11,2151.911
Mirzapur,9,21293.32,2365.9244444444444
Solapur,9,21220.08,2357.786666666667
Bikaner,7,21071.22,3010.174285714286
Tiruvottiyur,7,20987.13,2998.1614285714286
Khora ,11,20925.13,1902.2845454545457
Sri Ganganagar,7,20895.24,2985.034285714286
Kurnool,8,20853.51,2606.68875
Tirupati,11,20669.76,1879.0690909090908
Ujjain,10,20588.15,2058.815
Gurgaon,9,20280.1,2253.3444444444444
Bhilai,10,20156.34,2015.634
Malda,8,20086.11,2510.76375
Vijayanagaram,8,19933.85,2491.73125
Hospet,9,19881.4,2209.0444444444447
Bhatpara,10,19820.989999999998,1982.0989999999997
Varanasi,11,19492.95,1772.0863636363638
Uluberia,9,19402.32,2155.8133333333335
Phagwara,6,19004.14,3167.3566666666666
Munger,9,18735.87,2081.7633333333333
Kolhapur,11,18681.92,1698.3563636363635
Kollam,9,18481.08,2053.4533333333334
Chandigarh,8,18299.239999999998,2287.4049999999997
Katni,11,18271.97,1661.088181818182
Hubli–Dharwad,10,18197.93,1819.7930000000001
Srinagar,9,18102.06,2011.3400000000001
Jaipur,11,18077.07,1643.37
Amravati,7,17994.88,2570.697142857143
Karnal,8,17931.670000000002,2241.4587500000002
Hajipur,9,17393.4,1932.6000000000001
Bhiwani,8,17075.92,2134.49
Hosur,10,16682.88,1668.288
Amroha,7,16484.34,2354.905714285714
Chandrapur,6,16096.23,2682.705
Sangli-Miraj & Kupwad,6,16026.49,2671.0816666666665
Raipur,5,15927.91,3185.582
Surat,5,15903.75,3180.75
Motihari,11,15392.2,1399.290909090909
Tiruchirappalli,8,15260.11,1907.51375
Akola,6,14809.07,2468.1783333333333
Mau,6,14509.86,2418.31
Lucknow,8,13947.349999999999,1743.4187499999998
Kolkata,7,13871.02,1981.5742857142857
Ambarnath,8,13835.24,1729.405
Serampore,7,13781.35,1968.7642857142857
Panipat,7,13731.42,1961.6314285714286
Suryapet,7,13640.94,1948.7057142857143
Patna,6,12896.01,2149.335
Rourkela,4,12870.01,3217.5025
Phusro,4,12744.35,3186.0875
Bhind,7,12443.15,1777.5928571428572
Barasat,4,12424.61,3106.1525
Hyderabad,6,12369.47,2061.5783333333334
Moradabad,5,12095.26,2419.052
Jalandhar,4,12039.84,3009.96
Shimla,5,11787.56,2357.5119999999997
Muzaffarpur,5,11651.300000000001,2330.26
Morena,4,11459.9,2864.975
Kirari Suleman Nagar,7,11442.6,1634.6571428571428
Bharatpur,6,11269.75,1878.2916666666667
Ramgarh,7,10738.23,1534.032857142857
Cuttack,4,10532.3,2633.075
Gopalpur,7,9707.97,1386.8528571428571
Vasai-Virar,4,9437.64,2359.41
Nadiad,7,8062.85,1151.8357142857144
Raichur,3,7818.17,2606.056666666667
Bhalswa Jahangir Pur,6,7364.51,1227.4183333333333
Srikakulam,5,7314.25,1462.85
Dharmavaram,6,4807.08,801.18
Bokaro,2,4537.7699999999995,2268.8849999999998
Mangalore,1,3211.74,3211.74
